sku,price
AGNT3,0
AGNT4,0
AGNT5,0
AGNT7,0
AGNT8,0
AGNT9,0
AGNT10,0
AGNT11,0
AGNT21,0
AGNT23,0
AGNT24,0
AGNT25,0
AGNT26,0
AGNT29,0
AGNT30,0
AGNT34,0
AGNT35,0
AGNT36,0
AGNT37,0
AGNT39,0
AGNT40,0
AGNT41,0
AGNT42,0
AGNT43,0
AGNT45,0
AGNT46,0
AGNT48,0
AGNT49,0
AGNT50,0
AGNT51,0
AGNT52,0
AGNT55,0
AGNT59,0
AGNT60,0
AGNT63,0
AGNT65,0
AGNT66,0
AGNT68,0
AGNT69,0
AGNT71,0
AGNT75,0
AGNT77,0
AGNT78,0
AGNT79,0
AGNT80,0
AGNT81,0
AGNT82,0
AGNT83,0
AGNT86,0
AGNT87,0
AGNT88,0
AGNT89,0
AGNT91,0
AGNT92,0
AGNT95,0
AGNT97,0
AGNT98,0
AGNT99,0
AGNT100,0
AGNT101,0
AGNT102,0
AGNT103,0
AGNT105,0
AGNT106,0
AGNT113,0
AGNT114,0
AGNT115,0
AGNT116,0
AGNT117,0
AGNT120,0
AGNT123,0
AGNT124,0
AGNT125,0
AGNT126,0
AGNT127,0
AGNT128,0
AGNT129,0
AGNT131,0
AGNT132,0
AGNT133,0
AGNT143,0
AGNT144,0
AGNT146,0
AGNT147,0
AGNT148,0
AGNT149,0
AGNT150,0
AGNT151,0
AGNT155,0
AGNT156,0
AGNT157,0
AGNT158,0
AGNT160,0
AGNT163,0
AGNT164,0
AGNT166,0
AGNT167,0
AGNT168,0
AGNT170,0
AGNT171,0
AGNT172,0
AGNT179,0
AGNT181,0
AGNT183,0
AGNT187,0
AGNT188,0
AGNT189,0
AGNT190,0
AGNT191,0
AGNT192,0
AGNT194,0
AGNT195,0
AGNT196,0
AGNT198,0
AGNT199,0
AGNT202,0
AGNT203,0
AGNT212,0
AGNT213,0
AGNT238,0
AGNT241,0
AGNT242,0
AGNT243,0
AGNT244,0
AGNT245,0
AGNT252,0
AGNT253,0
AGNT254,0
AGNT256,0
AGNT257,0
AGNT258,0
AGNT259,0
AGNT260,0
AGNT261,0
AGNT262,0
AGNT264,0
AGNT265,0
AGNT267,0
AGNT269,0
AGNT270,0
AGNT272,0
AGNT273,0
AGNT276,0
AGNT277,0
AGNT278,0
AGNT279,0
AGNT282,0
AGNT283,0
AGNT285,0
AGNT287,0
AGNT288,0
AGNT289,0
AGNT291,0
AGNT292,0
AGNT293,0
AGNT294,0
AGNT299,0
AGNT300,0
AGNT301,0
AGNT302,0
AGNT303,0
AGNT304,0
AGNT362,0
AGNT363,0
AGNT364,0
AGNT365,0
AGNT366,0
AGNT367,0
AGNT370,0
AGNT371,0
AGNT372,0
AGNT373,0
AGNT375,0
AGNT377,0
AGNT378,0
AGNT380,0
AGNT385,0
AGNT388,0
AGNT391,0
AGNT396,0
AGNT397,0
AGNT400,0
AGNT402,0
AGNT404,0
AGNT408,0
AGNT410,0
AGNT411,0
AGNT413,0
AGNT414,0
AGNT416,0
AGNT418,0
AGNT420,0
AGNT421,0
AGNT422,0
AGNT423,0
AGNT424,0
AGNT425,0
AGNT426,0
AGNT427,0
AGNT429,0
AGNT430,0
AGNT435,0
AGNT437,0
AGNT438,0
AGNT439,0
AGNT440,0
AGNT441,0
AGNT442,0
AGNT443,0
AGNT444,0
AGNT447,0
AGNT449,0
AGNT450,0
AGNT452,0
AGNT453,0
AGNT455,0
AGNT456,0
AGNT457,0
AGNT458,0
AGNT459,0
AGNT460,0
AGNT461,0
AGNT462,0
AGNT466,0
AGNT470,0
AGNT472,0
AGNT473,0
AGNT474,0
AGNT475,0
AGNT476,0
AGNT477,0
AGNT478,0
AGNT482,0
AGNT483,0
AGNT484,0
AGNT485,0
AGNT486,0
AGNT487,0
AGNT489,0
AGNT490,0
AGNT491,0
AGNT495,0
AGNT496,0
AGNT497,0
AGNT498,0
AGNT499,0
AGNT503,0
AGNT504,0
AGNT505,0
AGNT507,0
AGNT508,0
AGNT509,0
AGNT512,0
AGNT513,0
AGNT514,0
AGNT516,0
AGNT517,0
AGNT518,0
AGNT519,0
AGNT520,0
AGNT521,0
AGNT524,0
AGNT525,0
AGNT526,0
AGNT527,0
AGNT529,0
AGNT530,0
AGNT532,0
AGNT533,0
AGNT534,0
AGNT535,0
AGNT536,0
AGNT537,0
AGNT538,0
AGNT539,0
AGNT540,0
AGNT542,0
AGNT543,0
AGNT544,0
AGNT546,0
AGNT547,0
AGNT548,0
AGNT550,0
AGNT553,0
AGNT554,0
AGNT556,0
AGNT559,0
AGNT563,0
AGNT564,0
AGNT565,0
AGNT566,0
AGNT568,0
AGNT569,0
AGNT570,0
AGNT571,0
AGNT573,0
AGNT574,0
AGNT577,0
AGNT578,0
AGNT579,0
AGNT580,0
AGNT581,0
AGNT584,0
AGNT585,0
AGNT586,0
AGNT594,0
AGNT595,0
AGNT596,0
AGNT597,0
AGNT599,0
AGNT600,0
AGNT601,0
AGNT602,0
AGNT603,0
AGNT604,0
AGNT615,0
AGNT616,0
AGNT619,0
AGNT620,0
AGNT621,0
AGNT622,0
AGNT623,0
AGNT624,0
AGNT625,0
AGNT626,0
AGNT628,0
AGNT629,0
AGNT631,0
AGNT632,0
AGNT633,0
AGNT634,0
AGNT635,0
AGNT636,0
AGNT637,0
AGNT638,0
AGNT639,0
AGNT640,0
AGNT641,0
AGNT642,0
AGNT643,0
AGNT644,0
AGNT646,0
AGNT647,0
AGNT650,0
AGNT653,0
AGNT654,0
AGNT667,0
AGNT673,0
AGNT691,0
AGNT701,0
AGNT702,0
AGNT704,0
AGNT705,0
AGNT706,0
AGNT708,0
AGNT709,0
AGNT712,0
AGNT713,0
AGNT714,0
AGNT715,0
AGNT717,0
AGNT718,0
AGNT719,0
AGNT720,0
AGNT721,0
AGNT722,0
AGNT723,0
AGNT725,0
AGNT726,0
AGNT727,0
AGNT728,0
AGNT731,0
AGNT732,0
AGNT733,0
AGNT736,0
AGNT737,0
AGNT738,0
AGNT740,0
AGNT741,0
AGNT742,0
AGNT743,0
AGNT744,0
AGNT745,0
AGNT746,0
AGNT747,0
AGNT748,0
AGNT749,0
AGNT750,0
AGNT752,0
AGNT753,0
AGNT754,0
AGNT755,0
AGNT756,0
AGNT761,0
AGNT762,0
AGNT763,0
AGNT764,0
AGNT765,0
AGNT766,0
AGNT769,0
AGNT770,0
AGNT771,0
AGNT772,0
AGNT773,0
AGNT775,0
AGNT776,0
AGNT793,0
AGNT794,0
AGNT795,0
AGNT797,0
AGNT798,0
AGNT799,0
AGNT800,0
AGNT801,0
AGNT802,0
AGNT803,0
AGNT804,0
AGNT806,0
AGNT808,0
AGNT809,0
AGNT810,0
AGNT811,0
AGNT817,0
AGNT819,0
AGNT821,0
AGNT822,0
AGNT823,0
AGNT824,0
AGNT829,0
AGNT830,0
AGNT831,0
AGNT832,0
AGNT833,0
AGNT834,0
AGNT835,0
AGNT836,0
AGNT838,0
AGNT839,0
AGNT840,0
AGNT841,0
AGNT846,0
AGNT852,0
AGNT853,0
AGNT855,0
AGNT857,0
AGNT859,0
AGNT864,0
AGNT865,0
AGNT867,0
AGNT868,0
AGNT869,0
AGNT870,0
AGNT872,0
AGNT874,0
AGNT875,0
AGNT876,0
AGNT878,0
AGNT879,0
AGNT880,0
AGNT882,0
AGNT883,0
AGNT885,0
AGNT886,0
AGNT887,0
AGNT888,0
AGNT889,0
AGNT891,0
AGNT892,0
AGNT893,0
AGNT894,0
AGNT896,0
AGNT897,0
AGNT898,0
AGNT899,0
AGNT900,0
AGNT901,0
AGNT902,0
AGNT903,0
AGNT906,0
AGNT913,0
AGNT914,0
AGNT916,0
AGNT917,0
AGNT918,0
AGNT920,0
AGNT921,0
AGNT923,0
AGNT924,0
AGNT925,0
AGNT926,0
AGNT927,0
AGNT928,0
AGNT930,0
AGNT932,0
AGNT933,0
AGNT934,0
AGNT938,0
AGNT941,0
AGNT943,0
AGNT944,0
AGNT947,0
AGNT948,0
AGNT949,0
AGNT954,0
AGNT956,0
AGNT957,0
AGNT958,0
AGNT959,0
AGNT961,0
AGNT962,0
AGNT963,0
AGNT964,0
AGNT967,0
AGNT985,0
AGNT986,0
AGNT987,0
AGNT988,0
AGNT990,0
AGNT991,0
AGNT992,0
AGNT996,0
AGNT998,0
AGNT1001,0
AGNT1002,0
AGNT1003,0
AGNT1004,0
AGNT1006,0
AGNT1008,0
AGNT1014,0
AGNT1015,0
AGNT1022,0
AGNT1024,0
AGNT1025,0
AGNT1026,0
AGNT1028,0
AGNT1029,0
AGNT1030,0
AGNT1031,0
AGNT1033,0
AGNT1034,0
AGNT1035,0
AGNT1036,0
AGNT1038,0
AGNT1049,0
AGNT1052,0
AGNT1053,0
AGNT1054,0
AGNT1079,0
AGNT1091,0
AGNT1096,0
AGNT1100,0
AGNT1107,0
AGNT1108,0
AGNT1120,0
AGNT1121,0
AGNT1122,0
AGNT1123,0
AGNT1124,0
AGNT1125,0
AGNT1134,0
AGNT1136,0
AGNT1137,0
AGNT1138,0
AGNT1139,0
AGNT1140,0
AGNT1141,0
AGNT1144,0
AGNT1146,0
AGNT1149,0
AGNT1150,0
AGNT1151,0
AGNT1152,0
AGNT1153,0
AGNT1154,0
AGNT1155,0
AGNT1157,0
AGNT1158,0
AGNT1159,0
AGNT1160,0
AGNT1161,0
AGNT1169,0
AGNT1170,0
AGNT1171,0
AGNT1177,0
AGNT1181,0
AGNT1182,0
AGNT1183,0
AGNT1195,0
AGNT1206,0
AGNT1207,0
AGNT1208,0
AGNT1209,0
AGNT1210,0
AGNT1211,0
AGNT1212,0
AGNT1219,0
AGNT1220,0
AGNT1221,0
AGNT1222,0
AGNT1223,0
AGNT1224,0
AGNT1225,0
AGNT1227,0
AGNT1228,0
AGNT1229,0
AGNT1230,0
AGNT1231,0
AGNT1232,0
AGNT1233,0
AGNT1235,0
AGNT1241,0
AGNT1242,0
AGNT1243,0
AGNT1247,0
AGNT1253,0
AGNT1254,0
AGNT1255,0
AGNT1259,0
AGNT1260,0
AGNT1261,0
AGNT1262,0
AGNT1263,0
AGNT1266,0
AGNT1267,0
AGNT1268,0
AGNT1269,0
AGNT1273,0
AGNT1274,0
AGNT1275,0
AGNT1276,0
AGNT1277,0
AGNT1279,0
AGNT1280,0
AGNT1281,0
AGNT1283,0
AGNT1284,0
AGNT1285,0
AGNT1286,0
AGNT1287,0
AGNT1288,0
AGNT1290,0
AGNT1295,0
AGNT1306,0
AGNT1309,0
AGNT1310,0
AGNT1323,0
AGNT1331,0
AGNT1333,0
AGNT1336,0
AGNT1338,0
AGNT1345,0
AGNT1347,0
AGNT1349,0
AGNT1350,0
AGNT1351,0
AGNT1357,0
AGNT1366,0
AGNT1367,0
AGNT1368,0
AGNT1369,0
AGNT1372,0
AGNT1373,0
AGNT1374,0
AGNT1375,0
AGNT1377,0
AGNT1379,0
AGNT1381,0
AGNT1382,0
AGNT1383,0
AGNT1384,0
AGNT1385,0
AGNT1386,0
AGNT1389,0
AGNT1390,0
AGNT1391,0
AGNT1393,0
AGNT1394,0
AGNT1395,0
AGNT1396,0
AGNT1398,0
AGNT1400,0
AGNT1401,0
AGNT1406,0
AGNT1407,0
AGNT1408,0
AGNT1412,0
AGNT1419,0
AGNT1423,0
AGNT1424,0
AGNT1425,0
AGNT1426,0
AGNT1427,0
AGNT1429,0
AGNT1432,0
AGNT1433,0
AGNT1434,0
AGNT1435,0
AGNT1436,0
AGNT1437,0
AGNT1438,0
AGNT1441,0
AGNT1442,0
AGNT1470,0
AGNT1471,0
AGNT1474,0
AGNT1475,0
AGNT1476,0
AGNT1478,0
AGNT1480,0
AGNT1481,0
AGNT1482,0
AGNT1485,0
AGNT1486,0
AGNT1487,0
AGNT1489,0
AGNT1490,0
AGNT1491,0
AGNT1492,0
AGNT1495,0
AGNT1498,0
AGNT1504,0
AGNT1505,0
AGNT1506,0
AGNT1507,0
AGNT1508,0
AGNT1509,0
AGNT1510,0
AGNT1512,0
AGNT1514,0
AGNT1515,0
AGNT1516,0
AGNT1517,0
AGNT1519,0
AGNT1520,0
AGNT1521,0
AGNT1522,0
AGNT1523,0
AGNT1524,0
AGNT1526,0
AGNT1527,0
AGNT1541,0
AGNT1542,0
AGNT1544,0
AGNT1546,0
AGNT1548,0
AGNT1549,0
AGNT1550,0
AGNT1552,0
AGNT1553,0
AGNT1558,0
AGNT1559,0
AGNT1560,0
AGNT1561,0
AGNT1563,0
AGNT1568,0
AGNT1571,0
AGNT1572,0
AGNT1575,0
AGNT1576,0
AGNT1579,0
AGNT1582,0
AGNT1584,0
AGNT1586,0
AGNT1592,0
AGNT1594,0
AGNT1615,0
AGNT1617,0
AGNT1630,0
AGNT1633,0
AGNT1638,0
AGNT1640,0
AGNT1641,0
AGNT1642,0
AGNT1643,0
AGNT1647,0
AGNT1648,0
AGNT1650,0
AGNT1652,0
AGNT1653,0
AGNT1654,0
AGNT1658,0
AGNT1659,0
AGNT1665,0
AGNT1666,0
AGNT1668,0
AGNT1669,0
AGNT1671,0
AGNT1674,0
AGNT1675,0
AGNT1683,0
AGNT1684,0
AGNT1685,0
AGNT1689,0
AGNT1690,0
AGNT1693,0
AGNT1695,0
AGNT1703,0
AGNT1704,0
AGNT1705,0
AGNT1706,0
AGNT1707,0
AGNT1708,0
AGNT1709,0
AGNT1710,0
AGNT1713,0
AGNT1715,0
AGNT1716,0
AGNT1720,0
AGNT1721,0
AGNT1722,0
AGNT1723,0
AGNT1724,0
AGNT1725,0
AGNT1728,0
AGNT1729,0
AGNT1731,0
AGNT1734,0
AGNT1735,0
AGNT1736,0
AGNT1737,0
AGNT1738,0
AGNT1739,0
AGNT1742,0
AGNT1745,0
AGNT1746,0
AGNT1748,0
AGNT1749,0
AGNT1754,0
AGNT1755,0
AGNT1759,0
AGNT1766,0
AGNT1770,0
AGNT1772,0
AGNT1774,0
AGNT1775,0
AGNT1777,0
AGNT1780,0
AGNT1782,0
AGNT1783,0
AGNT1798,0
AGNT1799,0
AGNT1801,0
AGNT1802,0
AGNT1804,0
AGNT1805,0
AGNT1806,0
AGNT1807,0
AGNT1811,0
AGNT1812,0
AGNT1813,0
AGNT1814,0
AGNT1816,0
AGNT1817,0
AGNT1818,0
AGNT1823,0
AGNT1825,0
AGNT1826,0
AGNT1831,0
AGNT1832,0
AGNT1834,0
AGNT1837,0
AGNT1839,0
AGNT1840,0
AGNT1841,0
AGNT1842,0
AGNT1843,0
AGNT1844,0
AGNT1845,0
AGNT1846,0
AGNT1854,0
AGNT1859,0
AGNT1863,0
AGNT1865,0
AGNT1873,0
AGNT1889,0
AGNT1890,0
AGNT1893,0
AGNT1894,0
AGNT1895,0
AGNT1897,0
AGNT1899,0
AGNT1900,0
AGNT1932,0
AGNT1933,0
AGNT1934,0
AGNT1935,0
AGNT1936,0
AGNT1937,0
AGNT1939,0
AGNT1943,0
AGNT1946,0
AGNT1947,0
AGNT1948,0
AGNT1952,0
AGNT1953,0
AGNT1957,0
AGNT1958,0
AGNT1959,0
AGNT1961,0
AGNT1962,0
AGNT1963,0
AGNT1964,0
AGNT1965,0
AGNT1966,0
AGNT1967,0
AGNT1968,0
AGNT1969,0
AGNT1970,0
AGNT1971,0
AGNT1972,0
AGNT1973,0
AGNT1974,0
AGNT1978,0
AGNT1980,0
AGNT1983,0
AGNT1986,0
AGNT1987,0
AGNT1991,0
AGNT1992,0
AGNT1993,0
AGNT1994,0
AGNT1996,0
AGNT1997,0
AGNT1998,0
AGNT1999,0
AGNT2001,0
AGNT2004,0
AGNT2005,0
AGNT2014,0
AGNT2020,0
AGNT2049,0
AGNT2050,0
AGNT2053,0
AGNT2054,0
AGNT2055,0
AGNT2056,0
AGNT2058,0
AGNT2059,0
AGNT2060,0
AGNT2062,0
AGNT2067,0
AGNT2069,0
AGNT2070,0
AGNT2071,0
AGNT2072,0
AGNT2077,0
AGNT2079,0
AGNT2080,0
AGNT2081,0
AGNT2082,0
AGNT2083,0
AGNT2084,0
AGNT2088,0
AGNT2089,0
AGNT2092,0
AGNT2093,0
AGNT2096,0
AGNT2097,0
AGNT2099,0
AGNT2101,0
AGNT2102,0
AGNT2103,0
AGNT2104,0
AGNT2105,0
AGNT2106,0
AGNT2112,0
AGNT2113,0
AGNT2114,0
AGNT2115,0
AGNT2118,0
AGNT2119,0
AGNT2120,0
AGNT2121,0
AGNT2124,0
AGNT2129,0
AGNT2130,0
AGNT2133,0
AGNT2134,0
AGNT2135,0
AGNT2137,0
AGNT2144,0
AGNT2146,0
AGNT2147,0
AGNT2149,0
AGNT2150,0
AGNT2152,0
AGNT2153,0
AGNT2155,0
AGNT2156,0
AGNT2157,0
AGNT2165,0
AGNT2172,0
AGNT2176,0
AGNT2183,0
AGNT2186,0
AGNT2188,0
AGNT2194,0
AGNT2198,0
AGNT2200,0
AGNT2202,0
AGNT2203,0
AGNT2204,0
AGNT2205,0
AGNT2206,0
AGNT2207,0
AGNT2209,0
AGNT2211,0
AGNT2212,0
AGNT2213,0
AGNT2214,0
AGNT2215,0
AGNT2216,0
AGNT2217,0
AGNT2218,0
AGNT2219,0
AGNT2220,0
AGNT2221,0
AGNT2224,0
AGNT2226,0
AGNT2228,0
AGNT2229,0
AGNT2230,0
AGNT2231,0
AGNT2232,0
AGNT2233,0
AGNT2234,0
AGNT2235,0
AGNT2238,0
AGNT2239,0
AGNT2240,0
AGNT2241,0
AGNT2242,0
AGNT2243,0
AGNT2244,0
AGNT2245,0
AGNT2246,0
AGNT2253,0
AGNT2257,0
AGNT2261,0
AGNT2267,0
AGNT2268,0
AGNT2269,0
AGNT2276,0
AGNT2278,0
AGNT2279,0
AGNT2280,0
AGNT2281,0
AGNT2282,0
AGNT2283,0
AGNT2285,0
AGNT2286,0
AGNT2287,0
AGNT2294,0
AGNT2295,0
AGNT2296,0
AGNT2298,0
AGNT2302,0
AGNT2303,0
AGNT2305,0
AGNT2306,0
AGNT2307,0
AGNT2308,0
AGNT2309,0
AGNT2310,0
AGNT2311,0
AGNT2318,0
AGNT2320,0
AGNT2325,0
AGNT2326,0
AGNT2328,0
AGNT2329,0
AGNT2330,0
AGNT2331,0
AGNT2332,0
AGNT2333,0
AGNT2334,0
AGNT2335,0
AGNT2341,0
AGNT2342,0
AGNT2345,0
AGNT2346,0
AGNT2348,0
AGNT2349,0
AGNT2350,0
AGNT2354,0
AGNT2355,0
AGNT2357,0
AGNT2358,0
AGNT2360,0
AGNT2361,0
AGNT2362,0
AGNT2363,0
AGNT2372,0
AGNT2375,0
AGNT2377,0
AGNT2380,0
AGNT2382,0
AGNT2387,0
AGNT2388,0
AGNT2392,0
AGNT2393,0
AGNT2395,0
AGNT2400,0
AGNT2403,0
AGNT2422,0
AGNT2426,0
AGNT2427,0
AGNT2428,0
AGNT2429,0
AGNT2436,0
AGNT2438,0
AGNT2448,0
AGNT2454,0
AGNT2455,0
AGNT2460,0
AGNT2461,0
AGNT2462,0
AGNT2465,0
AGNT2466,0
AGNT2467,0
AGNT2468,0
AGNT2472,0
AGNT2475,0
AGNT2480,0
AGNT2482,0
AGNT2485,0
AGNT2493,0
AGNT2510,0
AGNT2515,0
AGNT2516,0
AGNT2537,0
AGNT2540,0
AGNT2544,0
AGNT2545,0
AGNT2548,0
AGNT2550,0
AGNT2551,0
AGNT2563,0
AGNT2571,0
AGNT2573,0
AGNT2574,0
AGNT2578,0
AGNT2579,0
AGNT2580,0
AGNT2581,0
AGNT2582,0
AGNT2583,0
AGNT2586,0
AGNT2587,0
AGNT2590,0
AGNT2591,0
AGNT2592,0
AGNT2593,0
AGNT2594,0
AGNT2595,0
AGNT2596,0
AGNT2602,0
AGNT2603,0
AGNT2605,0
AGNT2614,0
AGNT2615,0
AGNT2617,0
AGNT2618,0
AGNT2619,0
AGNT2620,0
AGNT2621,0
AGNT2622,0
AGNT2635,0
AGNT2640,0
AGNT2647,0
AGNT2653,0
AGNT2654,0
AGNT2658,0
AGNT2659,0
AGNT2661,0
AGNT2662,0
AGNT2663,0
AGNT2668,0
AGNT2682,0
AGNT2685,0
AGNT2687,0
AGNT2689,0
AGNT2690,0
AGNT2698,0
AGNT2700,0
AGNT2701,0
AGNT2706,0
AGNT2707,0
AGNT2709,0
AGNT2710,0
AGNT2711,0
AGNT2712,0
AGNT2716,0
AGNT2717,0
AGNT2718,0
AGNT2719,0
AGNT2720,0
AGNT2722,0
AGNT2733,0
AGNT2734,0
AGNT2736,0
AGNT2737,0
AGNT2738,0
AGNT2740,0
AGNT2741,0
AGNT2742,0
AGNT2744,0
AGNT2750,0
AGNT2751,0
AGNT2754,0
AGNT2755,0
AGNT2756,0
AGNT2759,0
AGNT2763,0
AGNT2769,0
AGNT2770,0
AGNT2771,0
AGNT2772,0
AGNT2778,0
AGNT2782,0
AGNT2783,0
AGNT2786,0
AGNT2788,0
AGNT2789,0
AGNT2790,0
AGNT2794,0
AGNT2795,0
AGNT2796,0
AGNT2799,0
AGNT2800,0
AGNT2803,0
AGNT2810,0
AGNT2817,0
AGNT2818,0
AGNT2824,0
AGNT2825,0
AGNT2836,0
AGNT2838,0
AGNT2839,0
AGNT2856,0
AGNT2857,0
AGNT2867,0
AGNT2868,0
AGNT2872,0
AGNT2873,0
AGNT2874,0
AGNT2876,0
AGNT2877,0
AGNT2879,0
AGNT2880,0
AGNT2881,0
AGNT2882,0
AGNT2884,0
AGNT2885,0
AGNT2887,0
AGNT2888,0
AGNT2890,0
AGNT2891,0
AGNT2897,0
AGNT2899,0
AGNT2901,0
AGNT2902,0
AGNT2904,0
AGNT2911,0
AGNT2935,0
AGNT2944,0
AGNT2946,0
AGNT2947,0
AGNT2949,0
AGNT2951,0
AGNT2954,0
AGNT2955,0
AGNT2956,0
AGNT2957,0
AGNT2963,0
AGNT2968,0
AGNT2969,0
AGNT2970,0
AGNT2971,0
AGNT2973,0
AGNT2992,0
AGNT2995,0
AGNT2996,0
AGNT2998,0
AGNT2999,0
AGNT3003,0
AGNT3006,0
AGNT3007,0
AGNT3008,0
AGNT3009,0
AGNT3014,0
AGNT3015,0
AGNT3021,0
AGNT3022,0
AGNT3025,0
AGNT3026,0
AGNT3028,0
AGNT3029,0
AGNT3032,0
AGNT3033,0
AGNT3034,0
AGNT3035,0
AGNT3036,0
AGNT3037,0
AGNT3047,0
AGNT3069,0
AGNT3073,0
AGNT3074,0
AGNT3085,0
AGNT3086,0
AGNT3088,0
AGNT3089,0
AGNT3090,0
AGNT3091,0
AGNT3092,0
AGNT3095,0
AGNT3105,0
AGNT3107,0
AGNT3108,0
AGNT3109,0
AGNT3110,0
AGNT3113,0
AGNT3114,0
AGNT3115,0
AGNT3124,0
AGNT3126,0
AGNT3128,0
AGNT3141,0
AGNT3142,0
AGNT3143,0
AGNT3145,0
AGNT3148,0
AGNT3149,0
AGNT3150,0
AGNT3151,0
AGNT3152,0
AGNT3159,0
AGNT3160,0
AGNT3161,0
AGNT3163,0
AGNT3164,0
AGNT3166,0
AGNT3167,0
AGNT3168,0
AGNT3175,0
AGNT3176,0
AGNT3177,0
AGNT3180,0
AGNT3181,0
AGNT3183,0
AGNT3190,0
AGNT3193,0
AGNT3196,0
AGNT3202,0
AGNT3203,0
AGNT3204,0
AGNT3206,0
AGNT3207,0
AGNT3208,0
AGNT3223,0
AGNT3234,0
AGNT3235,0
AGNT3262,0
AGNT3264,0
AGNT3265,0
AGNT3266,0
AGNT3267,0
AGNT3269,0
AGNT3270,0
AGNT3274,0
AGNT3275,0
AGNT3277,0
AGNT3280,0
AGNT3284,0
AGNT3285,0
AGNT3286,0
AGNT3288,0
AGNT3289,0
AGNT3291,0
AGNT3298,0
AGNT3300,0
AGNT3301,0
AGNT3303,0
AGNT3304,0
AGNT3309,0
AGNT3311,0
AGNT3314,0
AGNT3322,0
AGNT3331,0
AGNT3332,0
AGNT3333,0
AGNT3336,0
AGNT3337,0
AGNT3350,0
AGNT3353,0
AGNT3354,0
AGNT3356,0
AGNT3357,0
AGNT3359,0
AGNT3360,0
AGNT3361,0
AGNT3363,0
AGNT3364,0
AGNT3365,0
AGNT3366,0
AGNT3368,0
AGNT3370,0
AGNT3371,0
AGNT3373,0
AGNT3379,0
AGNT3380,0
AGNT3381,0
AGNT3388,0
AGNT3390,0
AGNT3393,0
AGNT3395,0
AGNT3396,0
AGNT3397,0
AGNT3398,0
AGNT3400,0
AGNT3402,0
AGNT3403,0
AGNT3409,0
AGNT3411,0
AGNT3412,0
AGNT3413,0
AGNT3414,0
AGNT3415,0
AGNT3416,0
AGNT3419,0
AGNT3421,0
AGNT3422,0
AGNT3425,0
AGNT3426,0
AGNT3427,0
AGNT3428,0
AGNT3429,0
AGNT3430,0
AGNT3431,0
AGNT3432,0
AGNT3437,0
AGNT3504,0
AGNT3505,0
AGNT3509,0
AGNT3511,0
AGNT3519,0
AGNT3520,0
AGNT3524,0
AGNT3527,0
AGNT3531,0
AGNT3532,0
AGNT3534,0
AGNT3536,0
AGNT3539,0
AGNT3540,0
AGNT3541,0
AGNT3543,0
AGNT3545,0
AGNT3547,0
AGNT3548,0
AGNT3554,0
AGNT3555,0
AGNT3560,0
AGNT3562,0
AGNT3567,0
AGNT3570,0
AGNT3571,0
AGNT3573,0
AGNT3574,0
AGNT3576,0
AGNT3581,0
AGNT3582,0
AGNT3583,0
AGNT3584,0
AGNT3585,0
AGNT3586,0
AGNT3592,0
AGNT3593,0
AGNT3610,0
AGNT3611,0
AGNT3616,0
AGNT3617,0
AGNT3618,0
AGNT3619,0
AGNT3622,0
AGNT3623,0
AGNT3626,0
AGNT3629,0
AGNT3631,0
AGNT3633,0
AGNT3634,0
AGNT3635,0
AGNT3636,0
AGNT3637,0
AGNT3639,0
AGNT3640,0
AGNT3642,0
AGNT3643,0
AGNT3644,0
AGNT3645,0
AGNT3646,0
AGNT3647,0
AGNT3648,0
AGNT3649,0
AGNT3650,0
AGNT3657,0
AGNT3658,0
AGNT3661,0
AGNT3671,0
AGNT3672,0
AGNT3673,0
AGNT3675,0
AGNT3676,0
AGNT3677,0
AGNT3680,0
AGNT3684,0
AGNT3685,0
AGNT3686,0
AGNT3687,0
AGNT3688,0
AGNT3690,0
AGNT3695,0
AGNT3696,0
AGNT3698,0
AGNT3700,0
AGNT3703,0
AGNT3705,0
AGNT3708,0
AGNT3713,0
AGNT3716,0
AGNT3719,0
AGNT3720,0
AGNT3721,0
AGNT3723,0
AGNT3724,0
AGNT3726,0
AGNT3727,0
AGNT3728,0
AGNT3729,0
AGNT3732,0
AGNT3736,0
AGNT3741,0
AGNT3742,0
AGNT3743,0
AGNT3745,0
AGNT3746,0
AGNT3748,0
AGNT3749,0
AGNT3750,0
AGNT3751,0
AGNT3753,0
AGNT3754,0
AGNT3755,0
AGNT3757,0
AGNT3759,0
AGNT3760,0
AGNT3762,0
AGNT3763,0
AGNT3764,0
AGNT3770,0
AGNT3776,0
AGNT3785,0
AGNT3786,0
AGNT3790,0
AGNT3793,0
AGNT3794,0
AGNT3795,0
AGNT3804,0
AGNT3823,0
AGNT3824,0
AGNT3830,0
AGNT3839,0
AGNT3847,0
AGNT3858,0
AGNT3867,0
AGNT3869,0
AGNT3870,0
AGNT3872,0
AGNT3875,0
AGNT3876,0
AGNT3877,0
AGNT3880,0
AGNT3883,0
AGNT3896,0
AGNT3901,0
AGNT3903,0
AGNT3907,0
AGNT3910,0
AGNT3911,0
AGNT3915,0
AGNT3923,0
AGNT3929,0
AGNT3938,0
AGNT3939,0
AGNT3941,0
AGNT3942,0
AGNT3944,0
AGNT3945,0
AGNT3946,0
AGNT3947,0
AGNT3948,0
AGNT3949,0
AGNT3950,0
AGNT3951,0
AGNT3952,0
AGNT3954,0
AGNT3955,0
AGNT3956,0
AGNT3957,0
AGNT3958,0
AGNT3959,0
AGNT3960,0
AGNT3962,0
AGNT3964,0
AGNT3966,0
AGNT3969,0
AGNT3970,0
AGNT3977,0
AGNT3982,0
AGNT3983,0
AGNT3984,0
AGNT3985,0
AGNT3986,0
AGNT3987,0
AGNT3991,0
AGNT3992,0
AGNT3994,0
AGNT3995,0
AGNT3996,0
AGNT3997,0
AGNT3998,0
AGNT3999,0
AGNT4001,0
AGNT4002,0
AGNT4003,0
AGNT4004,0
AGNT4008,0
AGNT4010,0
AGNT4014,0
AGNT4015,0
AGNT4016,0
AGNT4019,0
AGNT4021,0
AGNT4022,0
AGNT4035,0
AGNT4036,0
AGNT4039,0
AGNT4043,0
AGNT4045,0
AGNT4046,0
AGNT4052,0
AGNT4053,0
AGNT4056,0
AGNT4058,0
AGNT4060,0
AGNT4061,0
AGNT4062,0
AGNT4063,0
AGNT4064,0
AGNT4065,0
AGNT4084,0
AGNT4093,0
AGNT4095,0
AGNT4098,0
AGNT4099,0
AGNT4100,0
AGNT4105,0
AGNT4106,0
AGNT4108,0
AGNT4123,0
AGNT4124,0
AGNT4125,0
AGNT4126,0
AGNT4127,0
AGNT4128,0
AGNT4137,0
AGNT4138,0
AGNT4139,0
AGNT4140,0
AGNT4141,0
AGNT4143,0
AGNT4151,0
AGNT4152,0
AGNT4154,0
AGNT4158,0
AGNT4159,0
AGNT4164,0
AGNT4165,0
AGNT4166,0
AGNT4168,0
AGNT4169,0
AGNT4170,0
AGNT4171,0
AGNT4173,0
AGNT4177,0
AGNT4178,0
AGNT4180,0
AGNT4182,0
AGNT4183,0
AGNT4188,0
AGNT4189,0
AGNT4190,0
AGNT4212,0
AGNT4213,0
AGNT4224,0
AGNT4226,0
AGNT4227,0
AGNT4233,0
AGNT4236,0
AGNT4240,0
AGNT4244,0
AGNT4255,0
AGNT4258,0
AGNT4261,0
AGNT4265,0
AGNT4270,0
AGNT4275,0
AGNT4276,0
AGNT4278,0
AGNT4289,0
AGNT4290,0
AGNT4292,0
AGNT4293,0
AGNT4294,0
AGNT4295,0
AGNT4296,0
AGNT4299,0
AGNT4303,0
AGNT4306,0
AGNT4308,0
AGNT4309,0
AGNT4310,0
AGNT4316,0
AGNT4318,0
AGNT4319,0
AGNT4320,0
AGNT4321,0
AGNT4322,0
AGNT4326,0
AGNT4328,0
AGNT4329,0
AGNT4330,0
AGNT4335,0
AGNT4337,0
AGNT4338,0
AGNT4345,0
AGNT4348,0
AGNT4350,0
AGNT4355,0
AGNT4360,0
AGNT4362,0
AGNT4376,0
AGNT4385,0
AGNT4396,0
AGNT4400,0
AGNT4404,0
AGNT4409,0
AGNT4410,0
AGNT4420,0
AGNT4421,0
AGNT4425,0
AGNT4446,0
AGNT4451,0
AGNT4452,0
AGNT4454,0
AGNT4456,0
AGNT4465,0
AGNT4468,0
AGNT4471,0
AGNT4472,0
AGNT4473,0
AGNT4475,0
AGNT4476,0
AGNT4484,0
AGNT4494,0
AGNT4495,0
AGNT4496,0
AGNT4499,0
AGNT4500,0
AGNT4501,0
AGNT4503,0
AGNT4504,0
AGNT4505,0
AGNT4506,0
AGNT4511,0
AGNT4513,0
AGNT4522,0
AGNT4532,0
AGNT4546,0
AGNT4548,0
AGNT4551,0
AGNT4555,0
AGNT4565,0
AGNT4568,0
AGNT4573,0
AGNT4574,0
AGNT4577,0
AGNT4585,0
AGNT4586,0
AGNT4587,0
AGNT4590,0
AGNT4591,0
AGNT4592,0
AGNT4593,0
AGNT4594,0
AGNT4595,0
AGNT4597,0
AGNT4598,0
AGNT4599,0
AGNT4600,0
AGNT4604,0
AGNT4612,0
AGNT4614,0
AGNT4616,0
AGNT4618,0
AGNT4619,0
AGNT4620,0
AGNT4634,0
AGNT4636,0
AGNT4637,0
AGNT4638,0
AGNT4639,0
AGNT4641,0
AGNT4642,0
AGNT4643,0
AGNT4646,0
AGNT4653,0
AGNT4654,0
AGNT4656,0
AGNT4666,0
AGNT4671,0
AGNT4676,0
AGNT4677,0
AGNT4678,0
AGNT4680,0
AGNT4689,0
AGNT4691,0
AGNT4693,0
AGNT4694,0
AGNT4695,0
AGNT4696,0
AGNT4700,0
AGNT4701,0
AGNT4708,0
AGNT4712,0
AGNT4718,0
AGNT4719,0
AGNT4722,0
AGNT4724,0
AGNT4728,0
AGNT4732,0
AGNT4745,0
AGNT4746,0
AGNT4748,0
AGNT4751,0
AGNT4752,0
AGNT4753,0
AGNT4754,0
AGNT4755,0
AGNT4756,0
AGNT4757,0
AGNT4758,0
AGNT4765,0
AGNT4779,0
AGNT4781,0
AGNT4787,0
AGNT4788,0
AGNT4789,0
AGNT4790,0
AGNT4792,0
AGNT4795,0
AGNT4807,0
AGNT4813,0
AGNT4826,0
AGNT4831,0
AGNT4832,0
AGNT4833,0
AGNT4836,0
AGNT4837,0
AGNT4860,0
AGNT4864,0
AGNT4872,0
AGNT4905,0
AGNT4907,0
AGNT4908,0
AGNT4909,0
AGNT4913,0
AGNT4914,0
AGNT4916,0
AGNT4917,0
AGNT4920,0
AGNT4921,0
AGNT4923,0
AGNT4924,0
AGNT4926,0
AGNT4927,0
AGNT4929,0
AGNT4931,0
AGNT4935,0
AGNT4949,0
AGNT4950,0
AGNT4951,0
AGNT4957,0
AGNT4958,0
AGNT4959,0
AGNT4961,0
AGNT4964,0
AGNT4966,0
AGNT4967,0
AGNT4968,0
AGNT4988,0
AGNT4989,0
AGNT4992,0
AGNT4994,0
AGNT4996,0
AGNT5001,0
AGNT5042,0
AGNT5043,0
AGNT5044,0
AGNT5045,0
AGNT5049,0
AGNT5058,0
AGNT5061,0
AGNT5067,0
AGNT5084,0
AGNT5093,0
AGNT5094,0
AGNT5103,0
AGNT5104,0
AGNT5108,0
AGNT5109,0
AGNT5112,0
AGNT5115,0
AGNT5120,0
AGNT5122,0
AGNT5123,0
AGNT5135,0
AGNT5136,0
AGNT5141,0
AGNT5142,0
AGNT5146,0
AGNT5147,0
AGNT5148,0
AGNT5153,0
AGNT5154,0
AGNT5161,0
AGNT5162,0
AGNT5163,0
AGNT5164,0
AGNT5165,0
AGNT5166,0
AGNT5167,0
AGNT5170,0
AGNT5175,0
AGNT5184,0
AGNT5221,0
AGNT5222,0
AGNT5285,0
AGNT5287,0
AGNT5309,0
AGNT5312,0
AGNT5313,0
AGNT5322,0
AGNT5324,0
AGNT5325,0
AGNT5326,0
AGNT5328,0
AGNT5338,0
AGNT5351,0
AGNT5363,0
AGNT5370,0
AGNT5373,0
AGNT5383,0
AGNT5386,0
AGNT5389,0
AGNT5392,0
AGNT5393,0
AGNT5394,0
AGNT5396,0
AGNT5399,0
AGNT5401,0
AGNT5402,0
AGNT5415,0
AGNT5419,0
AGNT5437,0
AGNT5439,0
AGNT5441,0
AGNT5442,0
AGNT5446,0
AGNT5457,0
AGNT5458,0
AGNT5460,0
AGNT5461,0
AGNT5462,0
AGNT5464,0
AGNT5465,0
AGNT5466,0
AGNT5467,0
AGNT5471,0
AGNT5476,0
AGNT5479,0
AGNT5480,0
AGNT5485,0
AGNT5491,0
AGNT5495,0
AGNT5496,0
AGNT5498,0
AGNT5499,0
AGNT5501,0
AGNT5502,0
AGNT5504,0
AGNT5514,0
AGNT5515,0
AGNT5516,0
AGNT5522,0
AGNT5525,0
AGNT5529,0
AGNT5538,0
AGNT5539,0
AGNT5541,0
AGNT5544,0
AGNT5548,0
AGNT5552,0
AGNT5554,0
AGNT5555,0
AGNT5561,0
AGNT5562,0
AGNT5564,0
AGNT5567,0
AGNT5568,0
AGNT5570,0
AGNT5572,0
AGNT5581,0
AGNT5582,0
AGNT5583,0
AGNT5597,0
AGNT5599,0
AGNT5603,0
AGNT5607,0
AGNT5612,0
AGNT5620,0
AGNT5621,0
AGNT5625,0
AGNT5626,0
AGNT5628,0
AGNT5629,0
AGNT5630,0
AGNT5634,0
AGNT5639,0
AGNT5646,0
AGNT5656,0
AGNT5660,0
AGNT5662,0
AGNT5663,0
AGNT5664,0
AGNT5665,0
AGNT5669,0
AGNT5671,0
AGNT5673,0
AGNT5674,0
AGNT5679,0
AGNT5687,0
AGNT5688,0
AGNT5689,0
AGNT5697,0
AGNT5698,0
AGNT5700,0
AGNT5709,0
AGNT5710,0
AGNT5737,0
AGNT5738,0
AGNT5739,0
AGNT5757,0
AGNT5760,0
AGNT5763,0
AGNT5764,0
AGNT5768,0
AGNT5769,0
AGNT5774,0
AGNT5776,0
AGNT5778,0
AGNT5779,0
AGNT5780,0
AGNT5781,0
AGNT5782,0
AGNT5784,0
AGNT5785,0
AGNT5786,0
AGNT5788,0
AGNT5795,0
AGNT5797,0
AGNT5801,0
AGNT5808,0
AGNT5809,0
AGNT5818,0
AGNT5823,0
AGNT5830,0
AGNT5831,0
AGNT5832,0
AGNT5834,0
AGNT5835,0
AGNT5840,0
AGNT5846,0
AGNT5847,0
AGNT5849,0
AGNT5855,0
AGNT5859,0
AGNT5861,0
AGNT5863,0
AGNT5866,0
AGNT5868,0
AGNT5870,0
AGNT5885,0
AGNT5897,0
AGNT5899,0
AGNT5909,0
AGNT5910,0
AGNT5912,0
AGNT5914,0
AGNT5919,0
AGNT5921,0
AGNT5934,0
AGNT5935,0
AGNT5953,0
AGNT5959,0
AGNT5966,0
AGNT5971,0
AGNT5977,0
AGNT5982,0
AGNT5992,0
AGNT6002,0
AGNT6003,0
AGNT6004,0
AGNT6010,0
AGNT6016,0
AGNT6017,0
AGNT6020,0
AGNT6023,0
AGNT6024,0
AGNT6025,0
AGNT6026,0
AGNT6027,0
AGNT6031,0
AGNT6033,0
AGNT6038,0
AGNT6065,0
AGNT6066,0
AGNT6067,0
AGNT6068,0
AGNT6079,0
AGNT6085,0
AGNT6086,0
AGNT6130,0
AGNT6133,0
AGNT6136,0
AGNT6138,0
AGNT6143,0
AGNT6148,0
AGNT6149,0
AGNT6155,0
AGNT6167,0
AGNT6168,0
AGNT6170,0
AGNT6179,0
AGNT6180,0
AGNT6181,0
AGNT6182,0
AGNT6208,0
AGNT6209,0
AGNT6218,0
AGNT6219,0
AGNT6224,0
AGNT6227,0
AGNT6228,0
AGNT6232,0
AGNT6236,0
AGNT6237,0
AGNT6238,0
AGNT6239,0
AGNT6241,0
AGNT6250,0
AGNT6251,0
AGNT6255,0
AGNT6261,0
AGNT6268,0
AGNT6269,0
AGNT6278,0
AGNT6285,0
AGNT6302,0
AGNT6304,0
AGNT6305,0
AGNT6308,0
AGNT6321,0
AGNT6337,0
AGNT6340,0
AGNT6345,0
AGNT6346,0
AGNT6348,0
AGNT6357,0
AGNT6359,0
AGNT6360,0
AGNT6361,0
AGNT6362,0
AGNT6365,0
AGNT6368,0
AGNT6371,0
AGNT6373,0
AGNT6374,0
AGNT6389,0
AGNT6390,0
AGNT6397,0
AGNT6399,0
AGNT6402,0
AGNT6411,0
AGNT6412,0
AGNT6421,0
AGNT6431,0
AGNT6463,0
AGNT6464,0
AGNT6470,0
AGNT6482,0
AGNT6486,0
AGNT6487,0
AGNT6489,0
AGNT6490,0
AGNT6492,0
AGNT6493,0
AGNT6498,0
AGNT6502,0
AGNT6509,0
AGNT6511,0
AGNT6515,0
AGNT6516,0
AGNT6521,0
AGNT6523,0
AGNT6524,0
AGNT6526,0
AGNT6533,0
AGNT6536,0
AGNT6537,0
AGNT6539,0
AGNT6540,0
AGNT6542,0
AGNT6546,0
AGNT6547,0
AGNT6557,0
AGNT6559,0
AGNT6561,0
AGNT6572,0
AGNT6585,0
AGNT6589,0
AGNT6590,0
AGNT6606,0
AGNT6615,0
AGNT6616,0
AGNT6618,0
AGNT6619,0
AGNT6620,0
AGNT6621,0
AGNT6630,0
AGNT6632,0
AGNT6633,0
AGNT6677,0
AGNT6678,0
AGNT6686,0
AGNT6687,0
AGNT6689,0
AGNT6701,0
AGNT6706,0
AGNT6707,0
AGNT6761,0
AGNT6762,0
AGNT6763,0
AGNT6765,0
AGNT6766,0
AGNT6771,0
AGNT6776,0
AGNT6780,0
AGNT6800,0
AGNT6801,0
AGNT6802,0
AGNT6803,0
AGNT6804,0
AGNT6805,0
AGNT6828,0
AGNT6863,0
AGNT6865,0
AGNT6900,0
AGNT6908,0
AGNT6910,0
AGNT6918,0
AGNT6922,0
AGNT6927,0
AGNT6931,0
AGNT6940,0
AGNT6941,0
AGNT6943,0
AGNT6945,0
AGNT6947,0
AGNT6955,0
AGNT6962,0
AGNT6973,0
AGNT6980,0
AGNT6995,0
AGNT6997,0
AGNT7017,0
AGNT7019,0
AGNT7031,0
AGNT7032,0
AGNT7034,0
AGNT7035,0
AGNT7037,0
AGNT7038,0
AGNT7053,0
AGNT7071,0
AGNT7073,0
AGNT7074,0
AGNT7075,0
AGNT7083,0
AGNT7087,0
AGNT7089,0
AGNT7090,0
AGNT7097,0
AGNT7099,0
AGNT7100,0
AGNT7102,0
AGNT7106,0
AGNT7107,0
AGNT7108,0
AGNT7109,0
AGNT7124,0
AGNT7133,0
AGNT7144,0
AGNT7176,0
AGNT7177,0
AGNT7190,0
AGNT7195,0
AGNT7196,0
AGNT7197,0
AGNT7213,0
AGNT7238,0
AGNT7240,0
AGNT7241,0
AGNT7244,0
AGNT7245,0
AGNT7248,0
AGNT7251,0
AGNT7254,0
AGNT7259,0
AGNT7260,0
AGNT7268,0
AGNT7269,0
AGNT7276,0
AGNT7280,0
AGNT7284,0
AGNT7292,0
AGNT7295,0
AGNT7301,0
AGNT7323,0
AGNT7326,0
AGNT7327,0
AGNT7328,0
AGNT7338,0
AGNT7349,0
AGNT7353,0
AGNT7358,0
AGNT7361,0
AGNT7364,0
AGNT7368,0
AGNT7369,0
AGNT7370,0
AGNT7374,0
AGNT7378,0
AGNT7382,0
AGNT7383,0
AGNT7384,0
AGNT7387,0
AGNT7391,0
AGNT7392,0
AGNT7394,0
AGNT7395,0
AGNT7398,0
AGNT7400,0
AGNT7405,0
AGNT7406,0
AGNT7426,0
AGNT7427,0
AGNT7429,0
AGNT7430,0
AGNT7438,0
AGNT7441,0
AGNT7450,0
AGNT7451,0
AGNT7453,0
AGNT7455,0
AGNT7456,0
AGNT7457,0
AGNT7458,0
AGNT7464,0
AGNT7467,0
AGNT7468,0
AGNT7472,0
AGNT7474,0
AGNT7478,0
AGNT7482,0
AGNT7483,0
AGNT7485,0
AGNT7488,0
AGNT7490,0
AGNT7491,0
AGNT7493,0
AGNT7496,0
AGNT7497,0
AGNT7498,0
AGNT7499,0
AGNT7501,0
AGNT7506,0
AGNT7507,0
AGNT7511,0
AGNT7512,0
AGNT7513,0
AGNT7520,0
AGNT7524,0
AGNT7525,0
AGNT7526,0
AGNT7532,0
AGNT7533,0
AGNT7534,0
AGNT7536,0
AGNT7541,0
AGNT7542,0
AGNT7547,0
AGNT7548,0
AGNT7551,0
AGNT7553,0
AGNT7557,0
AGNT7558,0
AGNT7559,0
AGNT7561,0
AGNT7565,0
AGNT7566,0
AGNT7567,0
AGNT7570,0
AGNT7571,0
AGNT7579,0
AGNT7580,0
AGNT7581,0
AGNT7582,0
AGNT7583,0
AGNT7589,0
AGNT7591,0
AGNT7593,0
AGNT7596,0
AGNT7597,0
AGNT7599,0
AGNT7606,0
AGNT7607,0
AGNT7630,0
AGNT7638,0
AGNT7646,0
AGNT7656,0
AGNT7657,0
AGNT7658,0
AGNT7659,0
AGNT7681,0
AGNT7683,0
AGNT7695,0
AGNT7707,0
AGNT7727,0
AGNT7729,0
AGNT7735,0
AGNT7742,0
AGNT7743,0
AGNT7747,0
AGNT7748,0
AGNT7761,0
AGNT7775,0
AGNT7779,0
AGNT7781,0
AGNT7782,0
AGNT7786,0
AGNT7789,0
AGNT7790,0
AGNT7793,0
AGNT7794,0
AGNT7796,0
AGNT7798,0
AGNT7803,0
AGNT7820,0
AGNT7821,0
AGNT7823,0
AGNT7825,0
AGNT7827,0
AGNT7828,0
AGNT7829,0
AGNT7832,0
AGNT7834,0
AGNT7835,0
AGNT7837,0
AGNT7838,0
AGNT7840,0
AGNT7841,0
AGNT7842,0
AGNT7844,0
AGNT7845,0
AGNT7850,0
AGNT7851,0
AGNT7853,0
AGNT7854,0
AGNT7855,0
AGNT7859,0
AGNT7860,0
AGNT7861,0
AGNT7862,0
AGNT7865,0
AGNT7866,0
AGNT7867,0
AGNT7868,0
AGNT7869,0
AGNT7870,0
AGNT7873,0
AGNT7886,0
AGNT7889,0
AGNT7890,0
AGNT7892,0
AGNT7894,0
AGNT7899,0
AGNT7900,0
AGNT7901,0
AGNT7911,0
AGNT7915,0
AGNT7916,0
AGNT7917,0
AGNT7918,0
AGNT7920,0
AGNT7924,0
AGNT7926,0
AGNT7931,0
AGNT7932,0
AGNT7934,0
AGNT7937,0
AGNT7943,0
AGNT7945,0
AGNT7946,0
AGNT7947,0
AGNT7950,0
AGNT7969,0
AGNT7975,0
AGNT7986,0
AGNT7988,0
AGNT7993,0
AGNT8016,0
AGNT8038,0
AGNT8046,0
AGNT8082,0
AGNT8084,0
AGNT8130,0
AGNT8131,0
AGNT8132,0
AGNT8133,0
AGNT8137,0
AGNT8139,0
AGNT8142,0
AGNT8143,0
AGNT8145,0
AGNT8148,0
AGNT8150,0
AGNT8151,0
AGNT8155,0
AGNT8163,0
AGNT8171,0
AGNT8174,0
AGNT8185,0
AGNT8186,0
AGNT8210,0
AGNT8218,0
AGNT8219,0
AGNT8220,0
AGNT8222,0
AGNT8223,0
AGNT8269,0
AGNT8280,0
AGNT8281,0
AGNT8282,0
AGNT8283,0
AGNT8290,0
AGNT8292,0
AGNT8293,0
AGNT8306,0
AGNT8313,0
AGNT8329,0
AGNT8385,0
AGNT8390,0
AGNT8391,0
AGNT8394,0
AGNT8397,0
AGNT8398,0
AGNT8399,0
AGNT8401,0
AGNT8403,0
AGNT8419,0
AGNT8445,0
AGNT8451,0
AGNT8454,0
AGNT8481,0
AGNT8482,0
AGNT8485,0
AGNT8502,0
AGNT8503,0
AGNT8506,0
AGNT8517,0
AGNT8523,0
AGNT8524,0
AGNT8525,0
AGNT8528,0
AGNT8530,0
AGNT8534,0
AGNT8535,0
AGNT8572,0
AGNT8575,0
AGNT8582,0
AGNT8585,0
AGNT8588,0
AGNT8595,0
AGNT8703,0
AGNT8705,0
AGNT8713,0
AGNT8714,0
AGNT8717,0
AGNT8719,0
AGNT8721,0
AGNT8723,0
AGNT8724,0
AGNT8731,0
AGNT8738,0
AGNT8748,0
AGNT8752,0
AGNT8759,0
AGNT8771,0
AGNT8776,0
AGNT8779,0
AGNT8816,0
AGNT8823,0
AGNT8837,0
AGNT8846,0
AGNT8850,0
AGNT8855,0
AGNT8887,0
AGNT8898,0
AGNT8899,0
AGNT8900,0
AGNT8901,0
AGNT8921,0
AGNT8929,0
AGNT8935,0
AGNT8940,0
AGNT8951,0
AGNT8952,0
AGNT8954,0
AGNT8956,0
AGNT8958,0
AGNT8959,0
AGNT8960,0
AGNT8974,0
AGNT8976,0
AGNT8978,0
AGNT8979,0
AGNT8993,0
AGNT8994,0
AGNT9026,0
AGNT9034,0
AGNT9036,0
AGNT9037,0
AGNT9064,0
AGNT9065,0
AGNT9066,0
AGNT9067,0
AGNT9128,0
AGNT9139,0
AGNT9190,0
AGNT9191,0
AGNT9192,0
AGNT9194,0
AGNT9199,0
AGNT9200,0
AGNT9201,0
AGNT9202,0
AGNT9204,0
AGNT9213,0
AGNT9218,0
AGNT9222,0
AGNT9229,0
AGNT9255,0
AGNT9257,0
AGNT9272,0
AGNT9285,0
AGNT9286,0
AGNT9287,0
AGNT9316,0
AGNT9345,0
AGNT9349,0
AGNT9367,0
AGNT9370,0
AGNT9378,0
AGNT9381,0
AGNT9384,0
AGNT9396,0
AGNT9401,0
AGNT9406,0
AGNT9411,0
AGNT9431,0
AGNT9433,0
AGNT9435,0
AGNT9436,0
AGNT9439,0
AGNT9442,0
AGNT9446,0
AGNT9448,0
AGNT9449,0
AGNT9450,0
AGNT9451,0
AGNT9454,0
AGNT9455,0
AGNT9462,0
AGNT9468,0
AGNT9469,0
AGNT9473,0
AGNT9509,0
AGNT9517,0
AGNT9523,0
AGNT9531,0
AGNT9549,0
AGNT9554,0
AGNT9556,0
AGNT9567,0
AGNT9582,0
AGNT9640,0
AGNT9644,0
AGNT9653,0
AGNT9655,0
AGNT9658,0
AGNT9659,0
AGNT9660,0
AGNT9665,0
AGNT9676,0
AGNT9679,0
AGNT9680,0
AGNT9682,0
AGNT9683,0
AGNT9696,0
AGNT9697,0
AGNT9719,0
AGNT9720,0
AGNT9724,0
AGNT9726,0
AGNT9727,0
AGNT9737,0
AGNT9744,0
AGNT9745,0
AGNT9746,0
AGNT9754,0
AGNT9755,0
AGNT9763,0
AGNT9780,0
AGNT9786,0
AGNT9792,0
AGNT9795,0
AGNT9796,0
AGNT9807,0
AGNT9824,0
AGNT9846,0
AGNT9863,0
AGNT9872,0
AGNT9873,0
AGNT9894,0
AGNT9902,0
AGNT9942,0
AGNT9943,0
AGNT9955,0
AGNT9957,0
AGNT9960,0
AGNT9961,0
AGNT9964,0
AGNT9965,0
AGNT9968,0
AGNT9986,0
AGNT9989,0
AGNT9990,0
AGNT9991,0
AGNT9993,0
AGNT10005,0
AGNT10014,0
AGNT10015,0
AGNT10016,0
AGNT10017,0
AGNT10020,0
AGNT10021,0
AGNT10024,0
AGNT10025,0
AGNT10028,0
AGNT10033,0
AGNT10042,0
AGNT10061,0
AGNT10062,0
AGNT10063,0
AGNT10066,0
AGNT10067,0
AGNT10068,0
AGNT10069,0
AGNT10081,0
AGNT10085,0
AGNT10089,0
AGNT10090,0
AGNT10103,0
AGNT10113,0
AGNT10206,0
AGNT10236,0
AGNT10237,0
AGNT10262,0
AGNT10263,0
AGNT10265,0
AGNT10267,0
AGNT10269,0
AGNT10270,0
AGNT10274,0
AGNT10281,0
AGNT10286,0
AGNT10294,0
AGNT10295,0
AGNT10296,0
AGNT10302,0
AGNT10303,0
AGNT10304,0
AGNT10306,0
AGNT10308,0
AGNT10309,0
AGNT10316,0
AGNT10317,0
AGNT10331,0
AGNT10334,0
AGNT10351,0
AGNT10358,0
AGNT10359,0
AGNT10360,0
AGNT10361,0
AGNT10362,0
AGNT10365,0
AGNT10367,0
AGNT10381,0
AGNT10389,0
AGNT10390,0
AGNT10391,0
AGNT10396,0
AGNT10397,0
AGNT10408,0
AGNT10409,0
AGNT10410,0
AGNT10411,0
AGNT10415,0
AGNT10416,0
AGNT10418,0
AGNT10419,0
AGNT10424,0
AGNT10425,0
AGNT10427,0
AGNT10432,0
AGNT10442,0
AGNT10445,0
AGNT10446,0
AGNT10447,0
AGNT10449,0
AGNT10457,0
AGNT10460,0
AGNT10463,0
AGNT10464,0
AGNT10481,0
AGNT10491,0
AGNT10495,0
AGNT10521,0
AGNT10541,0
AGNT10543,0
AGNT10544,0
AGNT10546,0
AGNT10552,0
AGNT10553,0
AGNT10556,0
AGNT10559,0
AGNT10568,0
AGNT10571,0
AGNT10574,0
AGNT10575,0
AGNT10577,0
AGNT10579,0
AGNT10582,0
AGNT10585,0
AGNT10595,0
AGNT10596,0
AGNT10599,0
AGNT10604,0
AGNT10613,0
AGNT10617,0
AGNT10626,0
AGNT10638,0
AGNT10640,0
AGNT10648,0
AGNT10662,0
AGNT10671,0
AGNT10674,0
AGNT10676,0
AGNT10678,0
AGNT10684,0
AGNT10686,0
AGNT10689,0
AGNT10691,0
AGNT10697,0
AGNT10701,0
AGNT10703,0
AGNT10704,0
AGNT10711,0
AGNT10743,0
AGNT10746,0
AGNT10750,0
AGNT10784,0
AGNT10792,0
AGNT10793,0
AGNT10877,0
AGNT10883,0
AGNT10912,0
AGNT10976,0
AGNT11004,0
AGNT11006,0
AGNT11020,0
AGNT11036,0
AGNT11044,0
AGNT11067,0
AGNT11068,0
AGNT11075,0
AGNT11080,0
AGNT11083,0
AGNT11096,0
AGNT11131,0
AGNT11164,0
AGNT11198,0
AGNT11220,0
AGNT11223,0
AGNT11225,0
AGNT11227,0
AGNT11229,0
AGNT11232,0
AGNT11233,0
AGNT11234,0
AGNT11235,0
AGNT11240,0
AGNT11256,0
AGNT11257,0
AGNT11258,0
AGNT11260,0
AGNT11261,0
AGNT11292,0
AGNT11294,0
AGNT11302,0
AGNT11304,0
AGNT11305,0
AGNT11306,0
AGNT11307,0
AGNT11308,0
AGNT11316,0
AGNT11317,0
AGNT11323,0
AGNT11324,0
AGNT11325,0
AGNT11326,0
AGNT11334,0
AGNT11335,0
AGNT11357,0
AGNT11359,0
AGNT11360,0
AGNT11368,0
AGNT11369,0
AGNT11376,0
AGNT11377,0
AGNT11378,0
AGNT11379,0
AGNT11380,0
AGNT11381,0
AGNT11382,0
AGNT11383,0
AGNT11384,0
AGNT11392,0
AGNT11393,0
AGNT11396,0
AGNT11399,0
AGNT11400,0
AGNT11401,0
AGNT11403,0
AGNT11404,0
AGNT11405,0
AGNT11410,0
AGNT11425,0
AGNT11427,0
AGNT11431,0
AGNT11432,0
AGNT11433,0
AGNT11434,0
AGNT11435,0
AGNT11437,0
AGNT11439,0
AGNT11440,0
AGNT11441,0
AGNT11442,0
AGNT11443,0
AGNT11444,0
AGNT11445,0
AGNT11446,0
AGNT11447,0
AGNT11448,0
AGNT11449,0
AGNT11450,0
AGNT11451,0
AGNT11452,0
AGNT11453,0
AGNT11454,0
AGNT11455,0
AGNT11456,0
AGNT11457,0
AGNT11458,0
AGNT11459,0
AGNT11461,0
AGNT11462,0
AGNT11463,0
AGNT11464,0
AGNT11465,0
AGNT11466,0
AGNT11467,0
AGNT11469,0
AGNT11470,0
AGNT11471,0
AGNT11472,0
AGNT11473,0
AGNT11474,0
AGNT11475,0
AGNT11476,0
AGNT11477,0
AGNT11478,0
AGNT11481,0
AGNT11487,0
AGNT11490,0
AGNT11492,0
AGNT11564,0
AGNT11573,0
AGNT11575,0
AGNT11577,0
AGNT11581,0
AGNT11582,0
AGNT11603,0
AGNT11604,0
AGNT11605,0
AGNT11631,0
AGNT11635,0
AGNT11670,0
AGNT11671,0
AGNT11681,0
AGNT11682,0
AGNT11684,0
AGNT11687,0
AGNT11713,0
AGNT11714,0
AGNT11727,0
AGNT11728,0
AGNT11731,0
AGNT11739,0
AGNT11748,0
AGNT11751,0
AGNT11754,0
AGNT11755,0
AGNT11764,0
AGNT11815,0
AGNT11816,0
AGNT11817,0
AGNT11821,0
AGNT11826,0
AGNT11829,0
AGNT11830,0
AGNT11832,0
AGNT11833,0
AGNT11837,0
AGNT11852,0
AGNT11853,0
AGNT11854,0
AGNT11855,0
AGNT11859,0
AGNT11879,0
AGNT11893,0
AGNT11899,0
AGNT11938,0
AGNT11939,0
AGNT11957,0
AGNT11965,0
AGNT11968,0
AGNT11969,0
AGNT11972,0
AGNT11974,0
AGNT11998,0
AGNT12001,0
AGNT12041,0
AGNT12046,0
AGNT12049,0
AGNT12052,0
AGNT12053,0
AGNT12054,0
AGNT12055,0
AGNT12057,0
AGNT12091,0
AGNT12092,0
AGNT12093,0
AGNT12096,0
AGNT12097,0
AGNT12098,0
AGNT12099,0
AGNT12100,0
AGNT12101,0
AGNT12102,0
AGNT12104,0
AGNT12105,0
AGNT12106,0
AGNT12107,0
AGNT12108,0
AGNT12109,0
AGNT12110,0
AGNT12111,0
AGNT12112,0
AGNT12113,0
AGNT12124,0
AGNT12129,0
AGNT12130,0
AGNT12133,0
AGNT12134,0
AGNT12136,0
AGNT12140,0
AGNT12144,0
AGNT12147,0
AGNT12148,0
AGNT12151,0
AGNT12158,0
AGNT12170,0
AGNT12173,0
AGNT12175,0
AGNT12176,0
AGNT12177,0
AGNT12184,0
AGNT12187,0
AGNT12190,0
AGNT12201,0
AGNT12202,0
AGNT12204,0
AGNT12206,0
AGNT12209,0
AGNT12210,0
AGNT12211,0
AGNT12216,0
AGNT12220,0
AGNT12221,0
AGNT12222,0
AGNT12223,0
AGNT12224,0
AGNT12225,0
AGNT12226,0
AGNT12227,0
AGNT12229,0
AGNT12230,0
AGNT12231,0
AGNT12233,0
AGNT12239,0
AGNT12240,0
AGNT12247,0
AGNT12248,0
AGNT12249,0
AGNT12257,0
AGNT12259,0
AGNT12261,0
AGNT12262,0
AGNT12263,0
AGNT12264,0
AGNT12265,0
AGNT12268,0
AGNT12269,0
AGNT12270,0
AGNT12271,0
AGNT12272,0
AGNT12274,0
AGNT12277,0
AGNT12278,0
AGNT12279,0
AGNT12282,0
AGNT12283,0
AGNT12284,0
AGNT12300,0
AGNT12301,0
AGNT12302,0
AGNT12304,0
AGNT12312,0
AGNT12313,0
AGNT12316,0
AGNT12317,0
AGNT12345,0
AGNT12346,0
AGNT12347,0
AGNT12351,0
AGNT12380,0
AGNT12381,0
AGNT12382,0
AGNT12384,0
AGNT12385,0
AGNT12386,0
AGNT12387,0
AGNT12388,0
AGNT12399,0
AGNT12400,0
AGNT12404,0
AGNT12405,0
AGNT12406,0
AGNT12407,0
AGNT12409,0
AGNT12410,0
AGNT12422,0
AGNT12425,0
AGNT12426,0
AGNT12429,0
AGNT12430,0
AGNT12433,0
AGNT12434,0
AGNT12435,0
AGNT12443,0
AGNT12447,0
AGNT12452,0
AGNT12459,0
AGNT12460,0
AGNT12472,0
AGNT12478,0
AGNT12486,0
AGNT12487,0
AGNT12488,0
AGNT12489,0
AGNT12490,0
AGNT12492,0
AGNT12501,0
AGNT12502,0
AGNT12503,0
AGNT12505,0
AGNT12506,0
AGNT12507,0
AGNT12508,0
AGNT12518,0
AGNT12525,0
AGNT12526,0
AGNT12527,0
AGNT12528,0
AGNT12530,0
AGNT12540,0
AGNT12541,0
AGNT12542,0
AGNT12546,0
AGNT12554,0
AGNT12557,0
AGNT12560,0
AGNT12567,0
AGNT12587,0
AGNT12603,0
AGNT12608,0
AGNT12610,0
AGNT12617,0
AGNT12618,0
AGNT12619,0
AGNT12620,0
AGNT12621,0
AGNT12623,0
AGNT12624,0
AGNT12625,0
AGNT12626,0
AGNT12627,0
AGNT12628,0
AGNT12629,0
AGNT12630,0
AGNT12632,0
AGNT12633,0
AGNT12634,0
AGNT12635,0
AGNT12636,0
AGNT12637,0
AGNT12639,0
AGNT12640,0
AGNT12650,0
AGNT12651,0
AGNT12654,0
AGNT12655,0
AGNT12656,0
AGNT12658,0
AGNT12659,0
AGNT12661,0
AGNT12662,0
AGNT12663,0
AGNT12665,0
AGNT12666,0
AGNT12667,0
AGNT12668,0
AGNT12669,0
AGNT12671,0
AGNT12672,0
AGNT12673,0
AGNT12674,0
AGNT12675,0
AGNT12676,0
AGNT12677,0
AGNT12678,0
AGNT12705,0
AGNT12722,0
AGNT12724,0
AGNT12737,0
AGNT12740,0
AGNT12746,0
AGNT12748,0
AGNT12749,0
AGNT12750,0
AGNT12751,0
AGNT12752,0
AGNT12756,0
AGNT12759,0
AGNT12760,0
AGNT12763,0
AGNT12777,0
AGNT12782,0
AGNT12783,0
AGNT12789,0
AGNT12790,0
AGNT12794,0
AGNT12795,0
AGNT12796,0
AGNT12798,0
AGNT12799,0
AGNT12801,0
AGNT12802,0
AGNT12803,0
AGNT12804,0
AGNT12806,0
AGNT12807,0
AGNT12808,0
AGNT12809,0
AGNT12810,0
AGNT12811,0
AGNT12812,0
AGNT12813,0
AGNT12814,0
AGNT12880,0
AGNT12882,0
AGNT12884,0
AGNT12887,0
AGNT12890,0
AGNT12891,0
AGNT12893,0
AGNT12894,0
AGNT12895,0
AGNT12896,0
AGNT12901,0
AGNT12904,0
AGNT12905,0
AGNT12906,0
AGNT12907,0
AGNT12909,0
AGNT12910,0
AGNT12911,0
AGNT12912,0
AGNT12913,0
AGNT12914,0
AGNT12915,0
AGNT12917,0
AGNT12919,0
AGNT12920,0
AGNT12934,0
AGNT12939,0
AGNT12941,0
AGNT12942,0
AGNT12949,0
AGNT12953,0
AGNT12966,0
AGNT12973,0
AGNT12991,0
AGNT13038,0
AGNT13057,0
AGNT13058,0
AGNT13059,0
AGNT13065,0
AGNT13083,0
AGNT13135,0
AGNT13137,0
AGNT13161,0
AGNT13165,0
AGNT13166,0
AGNT13172,0
AGNT13174,0
AGNT13175,0
AGNT13176,0
AGNT13177,0
AGNT13178,0
AGNT13180,0
AGNT13181,0
AGNT13182,0
AGNT13183,0
AGNT13184,0
AGNT13186,0
AGNT13187,0
AGNT13188,0
AGNT13189,0
AGNT13190,0
AGNT13191,0
AGNT13192,0
AGNT13193,0
AGNT13194,0
AGNT13196,0
AGNT13197,0
AGNT13198,0
AGNT13200,0
AGNT13203,0
AGNT13214,0
AGNT13225,0
AGNT13226,0
AGNT13227,0
AGNT13244,0
AGNT13245,0
AGNT13247,0
AGNT13249,0
AGNT13263,0
AGNT13264,0
AGNT13265,0
AGNT13266,0
AGNT13267,0
AGNT13276,0
AGNT13277,0
AGNT13280,0
AGNT13281,0
AGNT13282,0
AGNT13284,0
AGNT13288,0
AGNT13289,0
AGNT13290,0
AGNT13337,0
AGNT13341,0
AGNT13346,0
AGNT13348,0
AGNT13380,0
AGNT13381,0
AGNT13384,0
AGNT13385,0
AGNT13386,0
AGNT13387,0
AGNT13389,0
AGNT13390,0
AGNT13392,0
AGNT13393,0
AGNT13394,0
AGNT13396,0
AGNT13397,0
AGNT13398,0
AGNT13400,0
AGNT13401,0
AGNT13402,0
AGNT13403,0
AGNT13405,0
AGNT13434,0
AGNT13435,0
AGNT13439,0
AGNT13442,0
AGNT13443,0
AGNT13446,0
AGNT13447,0
AGNT13454,0
AGNT13462,0
AGNT13463,0
AGNT13464,0
AGNT13465,0
AGNT13466,0
AGNT13467,0
AGNT13478,0
AGNT13479,0
AGNT13480,0
AGNT13483,0
AGNT13484,0
AGNT13485,0
AGNT13487,0
AGNT13488,0
AGNT13503,0
AGNT13505,0
AGNT13506,0
AGNT13508,0
AGNT13511,0
AGNT13512,0
AGNT13514,0
AGNT13523,0
AGNT13525,0
AGNT13527,0
AGNT13528,0
AGNT13530,0
AGNT13532,0
AGNT13534,0
AGNT13535,0
AGNT13539,0
AGNT13564,0
AGNT13565,0
AGNT13566,0
AGNT13571,0
AGNT13572,0
AGNT13573,0
AGNT13575,0
AGNT13587,0
AGNT13588,0
AGNT13589,0
AGNT13593,0
AGNT13594,0
AGNT13595,0
AGNT13596,0
AGNT13597,0
AGNT13600,0
AGNT13601,0
AGNT13603,0
AGNT13605,0
AGNT13606,0
AGNT13610,0
AGNT13611,0
AGNT13613,0
AGNT13619,0
AGNT13621,0
AGNT13622,0
AGNT13623,0
AGNT13624,0
AGNT13625,0
AGNT13627,0
AGNT13628,0
AGNT13630,0
AGNT13631,0
AGNT13632,0
AGNT13633,0
AGNT13634,0
AGNT13635,0
AGNT13636,0
AGNT13637,0
AGNT13639,0
AGNT13640,0
AGNT13642,0
AGNT13643,0
AGNT13644,0
AGNT13659,0
AGNT13660,0
AGNT13661,0
AGNT13662,0
AGNT13664,0
AGNT13666,0
AGNT13667,0
AGNT13683,0
AGNT13695,0
AGNT13696,0
AGNT13697,0
AGNT13711,0
AGNT13718,0
AGNT13719,0
AGNT13720,0
AGNT13721,0
AGNT13723,0
AGNT13724,0
AGNT13725,0
AGNT13726,0
AGNT13729,0
AGNT13731,0
AGNT13737,0
AGNT13738,0
AGNT13740,0
AGNT13741,0
AGNT13742,0
AGNT13743,0
AGNT13744,0
AGNT13746,0
AGNT13747,0
AGNT13748,0
AGNT13749,0
AGNT13750,0
AGNT13751,0
AGNT13752,0
AGNT13753,0
AGNT13755,0
AGNT13757,0
AGNT13758,0
AGNT13761,0
AGNT13766,0
AGNT13769,0
AGNT13780,0
AGNT13783,0
AGNT13784,0
AGNT13786,0
AGNT13788,0
AGNT13790,0
AGNT13792,0
AGNT13793,0
AGNT13803,0
AGNT13805,0
AGNT13806,0
AGNT13807,0
AGNT13809,0
AGNT13810,0
AGNT13820,0
AGNT13821,0
AGNT13851,0
AGNT13852,0
AGNT13853,0
AGNT13854,0
AGNT13857,0
AGNT13860,0
AGNT13861,0
AGNT13862,0
AGNT13863,0
AGNT13864,0
AGNT13865,0
AGNT13866,0
AGNT13867,0
AGNT13868,0
AGNT13869,0
AGNT13870,0
AGNT13871,0
AGNT13872,0
AGNT13873,0
AGNT13874,0
AGNT13875,0
AGNT13885,0
AGNT13886,0
AGNT13887,0
AGNT13888,0
AGNT13889,0
AGNT13890,0
AGNT13891,0
AGNT13893,0
AGNT13894,0
AGNT13901,0
AGNT13905,0
AGNT13907,0
AGNT13908,0
AGNT13909,0
AGNT13910,0
AGNT13911,0
AGNT13912,0
AGNT13913,0
AGNT13914,0
AGNT13917,0
AGNT13918,0
AGNT13929,0
AGNT13930,0
AGNT13936,0
AGNT13939,0
AGNT13940,0
AGNT13941,0
AGNT13942,0
AGNT13943,0
AGNT13944,0
AGNT13947,0
AGNT13949,0
AGNT13950,0
AGNT13951,0
AGNT13952,0
AGNT13953,0
AGNT13960,0
AGNT13964,0
AGNT13965,0
AGNT13966,0
AGNT13967,0
AGNT13968,0
AGNT13970,0
AGNT13975,0
AGNT13976,0
AGNT13977,0
AGNT13979,0
AGNT13980,0
AGNT13983,0
AGNT13984,0
AGNT13985,0
AGNT13986,0
AGNT13987,0
AGNT13988,0
AGNT13989,0
AGNT13990,0
AGNT13992,0
AGNT13993,0
AGNT13994,0
AGNT13995,0
AGNT13996,0
AGNT13997,0
AGNT13998,0
AGNT14000,0
AGNT14002,0
AGNT14003,0
AGNT14005,0
AGNT14006,0
AGNT14007,0
AGNT14008,0
AGNT14009,0
AGNT14013,0
AGNT14015,0
AGNT14016,0
AGNT14018,0
AGNT14019,0
AGNT14022,0
AGNT14023,0
AGNT14024,0
AGNT14025,0
AGNT14026,0
AGNT14028,0
AGNT14029,0
AGNT14030,0
AGNT14032,0
AGNT14034,0
AGNT14035,0
AGNT14036,0
AGNT14037,0
AGNT14038,0
AGNT14041,0
AGNT14042,0
AGNT14047,0
AGNT14049,0
AGNT14050,0
AGNT14051,0
AGNT14052,0
AGNT14053,0
AGNT14054,0
AGNT14058,0
AGNT14059,0
AGNT14060,0
AGNT14061,0
AGNT14066,0
AGNT14068,0
AGNT14069,0
AGNT14071,0
AGNT14072,0
AGNT14073,0
AGNT14075,0
AGNT14076,0
AGNT14079,0
AGNT14080,0
AGNT14081,0
AGNT14083,0
AGNT14084,0
AGNT14085,0
AGNT14086,0
AGNT14087,0
AGNT14088,0
AGNT14089,0
AGNT14091,0
AGNT14092,0
AGNT14093,0
AGNT14094,0
AGNT14095,0
AGNT14096,0
AGNT14097,0
AGNT14101,0
AGNT14103,0
AGNT14105,0
AGNT14106,0
AGNT14107,0
AGNT14108,0
AGNT14123,0
AGNT14124,0
AGNT14125,0
AGNT14126,0
AGNT14127,0
AGNT14128,0
AGNT14129,0
AGNT14130,0
AGNT14131,0
AGNT14132,0
AGNT14135,0
AGNT14136,0
AGNT14137,0
AGNT14138,0
AGNT14139,0
AGNT14140,0
AGNT14141,0
AGNT14142,0
AGNT14143,0
AGNT14144,0
AGNT14145,0
AGNT14147,0
AGNT14148,0
AGNT14153,0
AGNT14154,0
AGNT14155,0
AGNT14156,0
AGNT14157,0
AGNT14158,0
AGNT14159,0
AGNT14160,0
AGNT14161,0
AGNT14162,0
AGNT14163,0
AGNT14169,0
AGNT14170,0
AGNT14171,0
AGNT14172,0
AGNT14174,0
AGNT14176,0
AGNT14177,0
AGNT14178,0
AGNT14186,0
AGNT14189,0
AGNT14190,0
AGNT14191,0
AGNT14192,0
AGNT14193,0
AGNT14194,0
AGNT14195,0
AGNT14196,0
AGNT14209,0
AGNT14210,0
AGNT14211,0
AGNT14220,0
AGNT14221,0
AGNT14222,0
AGNT14224,0
AGNT14225,0
AGNT14226,0
AGNT14247,0
AGNT14254,0
AGNT14255,0
AGNT14256,0
AGNT14257,0
AGNT14259,0
AGNT14260,0
AGNT14261,0
AGNT14262,0
AGNT14263,0
AGNT14265,0
AGNT14266,0
AGNT14286,0
AGNT14287,0
AGNT14295,0
AGNT14296,0
AGNT14297,0
AGNT14298,0
AGNT14299,0
AGNT14300,0
AGNT14302,0
AGNT14303,0
AGNT14304,0
AGNT14306,0
AGNT14307,0
AGNT14308,0
AGNT14318,0
AGNT14319,0
AGNT14320,0
AGNT14323,0
AGNT14324,0
AGNT14325,0
AGNT14327,0
AGNT14328,0
AGNT14329,0
AGNT14330,0
AGNT14334,0
AGNT14336,0
AGNT14337,0
AGNT14345,0
AGNT14353,0
AGNT14355,0
AGNT14356,0
AGNT14357,0
AGNT14358,0
AGNT14359,0
AGNT14360,0
AGNT14361,0
AGNT14362,0
AGNT14363,0
AGNT14364,0
AGNT14366,0
AGNT14367,0
AGNT14369,0
AGNT14370,0
AGNT14371,0
AGNT14372,0
AGNT14373,0
AGNT14374,0
AGNT14375,0
AGNT14376,0
AGNT14377,0
AGNT14378,0
AGNT14379,0
AGNT14380,0
AGNT14381,0
AGNT14385,0
AGNT14386,0
AGNT14387,0
AGNT14388,0
AGNT14389,0
AGNT14390,0
AGNT14393,0
AGNT14414,0
AGNT14416,0
AGNT14417,0
AGNT14418,0
AGNT14433,0
AGNT14436,0
AGNT14439,0
AGNT14440,0
AGNT14441,0
AGNT14442,0
AGNT14443,0
AGNT14445,0
AGNT14446,0
AGNT14447,0
AGNT14448,0
AGNT14450,0
AGNT14451,0
AGNT14452,0
AGNT14453,0
AGNT14459,0
AGNT14460,0
AGNT14461,0
AGNT14470,0
AGNT14471,0
AGNT14472,0
AGNT14473,0
AGNT14474,0
AGNT14475,0
AGNT14476,0
AGNT14478,0
AGNT14480,0
AGNT14481,0
AGNT14482,0
AGNT14483,0
AGNT14484,0
AGNT14485,0
AGNT14487,0
AGNT14488,0
AGNT14489,0
AGNT14490,0
AGNT14491,0
AGNT14492,0
AGNT14493,0
AGNT14494,0
AGNT14497,0
AGNT14499,0
AGNT14500,0
AGNT14501,0
AGNT14502,0
AGNT14503,0
AGNT14504,0
AGNT14506,0
AGNT14507,0
AGNT14508,0
AGNT14509,0
AGNT14529,0
AGNT14590,0
AGNT14623,0
AGNT14636,0
AGNT14637,0
AGNT14638,0
AGNT14640,0
AGNT14646,0
AGNT14647,0
AGNT14648,0
AGNT14649,0
AGNT14650,0
AGNT14651,0
AGNT14652,0
AGNT14653,0
AGNT14654,0
AGNT14655,0
AGNT14657,0
AGNT14658,0
AGNT14659,0
AGNT14660,0
AGNT14661,0
AGNT14662,0
AGNT14663,0
AGNT14665,0
AGNT14669,0
AGNT14670,0
AGNT14672,0
AGNT14673,0
AGNT14674,0
AGNT14675,0
AGNT14676,0
AGNT14677,0
AGNT14679,0
AGNT14680,0
AGNT14682,0
AGNT14683,0
AGNT14684,0
AGNT14685,0
AGNT14686,0
AGNT14687,0
AGNT14689,0
AGNT14691,0
AGNT14693,0
AGNT14694,0
AGNT14696,0
AGNT14697,0
AGNT14698,0
AGNT14699,0
AGNT14700,0
AGNT14702,0
AGNT14703,0
AGNT14704,0
AGNT14708,0
AGNT14710,0
AGNT14711,0
AGNT14730,0
AGNT14731,0
AGNT14732,0
AGNT14734,0
AGNT14735,0
AGNT14736,0
AGNT14737,0
AGNT14738,0
AGNT14739,0
AGNT14740,0
AGNT14741,0
AGNT14742,0
AGNT14743,0
AGNT14744,0
AGNT14746,0
AGNT14764,0
AGNT14765,0
AGNT14766,0
AGNT14777,0
AGNT14778,0
AGNT14779,0
AGNT14790,0
AGNT14809,0
AGNT14810,0
AGNT14813,0
AGNT14814,0
AGNT14823,0
AGNT14824,0
AGNT14829,0
AGNT14830,0
AGNT14831,0
AGNT14832,0
AGNT14833,0
AGNT14834,0
AGNT14835,0
AGNT14836,0
AGNT14837,0
AGNT14838,0
AGNT14839,0
AGNT14840,0
AGNT14841,0
AGNT14842,0
AGNT14843,0
AGNT14844,0
AGNT14845,0
AGNT14847,0
AGNT14848,0
AGNT14849,0
AGNT14850,0
AGNT14851,0
AGNT14852,0
AGNT14870,0
AGNT14871,0
AGNT14878,0
AGNT14879,0
AGNT14880,0
AGNT14882,0
AGNT14883,0
AGNT14884,0
AGNT14885,0
AGNT14886,0
AGNT14887,0
AGNT14888,0
AGNT14889,0
AGNT14890,0
AGNT14891,0
AGNT14892,0
AGNT14895,0
AGNT14896,0
AGNT14897,0
AGNT14898,0
AGNT14899,0
AGNT14900,0
AGNT14901,0
AGNT14902,0
AGNT14903,0
AGNT14904,0
AGNT14905,0
AGNT14906,0
AGNT14910,0
AGNT14911,0
AGNT14912,0
AGNT14913,0
AGNT14923,0
AGNT14924,0
AGNT14925,0
AGNT14926,0
AGNT14927,0
AGNT14928,0
AGNT14929,0
AGNT14931,0
AGNT14932,0
AGNT14933,0
AGNT14934,0
AGNT14935,0
AGNT14936,0
AGNT14967,0
AGNT14968,0
AGNT15026,0
AGNT15027,0
AGNT15028,0
AGNT15029,0
,0
,0
AGNT15030,0
AGNT15035,0
AGNT15035,0
AGNT15035,0
AGNT15036,0
AGNT15036,0
AGNT00076,0
AGNT00076,0
,0
,0
,0
,0
,0
,0
AGNT266666,0
AGNT266666,0
AGNT15040,0
AGNT15041,0
AGNT466666,0
AGNT15042,0
AGNT111111,0
AGNT00000,0
AGNT000222,0
AGNT900223,0
,
,
,
,
,
,
,
,
,
,
,
,
,
,
,
,
,
,
,
,
,
,
,
,
,
,
,
,
,
,
,
,
,
,
,
,
,
,
,
,
,
,
,
,
,
,
,
,
,
,
,
,
,
,
,
,
,
,
,
,
,
,
,
,
,
,
,
,
,
,
,
,
,
,
,
,
,
,
,
,
,
,
,
,
,
,
,
,
,
,
,
,
,
,
,
,
,
,
,
,
,
,
,
,
,
,
,
,
,
,
,
,
,
,
,
,
,
,
,
,
,
,
,
,
,
,
,
,
,
,
,
,
,
,
,
,
,
,
,
,
,
,
,
,
,
,
,
,
,
,
,
,
,
,
,
,
,
,
,
,
,
,
,
,
,
,
,
,
,
,
,
,
,
,
,
,
,
,
,
,
,
,
,
,
,
,
,
,
,
,
,
,
,
,
,
,
,
,
AGNT900224,0
AGNT900224,
AGNT900224,
Test-Test,1
